Date;Zone;Prix_SP95;Prix Gazole;Trafic Routier;Voyageurs TC;Index SP95;Index Trafic;Index TC;Var SP95 %;Var Trafic %;Var TC %;Niveau Prix SP95;Niveau Prix Gazole;Var Gazole %;Index Gazole;;;;;;
2019-01;Urbaine;1,450 €;1,380 €;12562;9007;95,29;92,75;86,44;;;;Bas;Bas;;95,72;;;;;;
2019-01;Périurbaine;1,450 €;1,380 €;10624;1377;95,29;92,89;86,41;;;;Bas;Bas;;95,72;;;;;;
2019-01;Rurale;1,450 €;1,380 €;4760;212;95,29;93,03;86,53;;;;Bas;Bas;;95,72;;moyenne 2019;;;;
2019-02;Urbaine;1,480 €;1,410 €;12328;9219;97,26;91,02;88,48;2,07%;-1,86%;2,35%;Bas;Bas;2,17%;97,80;;;SP95;Trafic;TC;Gazole 
2019-02;Périurbaine;1,480 €;1,410 €;10409;1410;97,26;91,01;88,48;2,07%;-2,02%;2,40%;Bas;Bas;2,17%;97,80;;GLOBALE ;1,521666667;10032,69444;4086,027778;1,441666667
2019-02;Rurale;1,480 €;1,410 €;4656;217;97,26;91,00;88,57;2,07%;-2,18%;2,36%;Bas;Bas;2,17%;97,80;;;;;;
2019-03;Urbaine;1,500 €;1,430 €;13186;9854;98,58;97,35;94,57;1,35%;6,96%;6,89%;Bas;Bas;1,42%;99,19;; ;;;;
2019-03;Périurbaine;1,500 €;1,430 €;11111;1507;98,58;97,15;94,57;1,35%;6,74%;6,88%;Bas;Bas;1,42%;99,19;;;ZONE ;;;
2019-03;Rurale;1,500 €;1,430 €;4960;232;98,58;96,94;94,69;1,35%;6,53%;6,91%;Bas;Bas;1,42%;99,19;;;URBAINE ;13544,5;10419,5;
2019-04;Urbaine;1,550 €;1,470 €;13495;10172;101,86;99,63;97,62;3,33%;2,34%;3,23%;Moyen;Bas;2,80%;101,97;;;PERI;11437,16667;1593,583333;
2019-04;Périurbaine;1,550 €;1,470 €;11354;1556;101,86;99,27;97,64;3,33%;2,19%;3,25%;Moyen;Bas;2,80%;101,97;;;RURALE;5116,416667;245;
2019-04;Rurale;1,550 €;1,470 €;5061;239;101,86;98,92;97,55;3,33%;2,04%;3,02%;Moyen;Bas;2,80%;101,97;;;;;;
2019-05;Urbaine;1,570 €;1,480 €;14021;10596;103,18;103,52;101,69;1,29%;3,90%;4,17%;Moyen;Bas;0,68%;102,66;;;;;;
2019-05;Périurbaine;1,570 €;1,480 €;11806;1621;103,18;103,22;101,72;1,29%;3,98%;4,18%;Moyen;Bas;0,68%;102,66;;;;;;
2019-05;Rurale;1,570 €;1,480 €;5266;249;103,18;102,92;101,63;1,29%;4,05%;4,18%;Moyen;Bas;0,68%;102,66;;;;;;
2019-06;Urbaine;1,550 €;1,450 €;14264;10914;101,86;105,31;104,75;-1,27%;1,73%;3,00%;Moyen;Bas;-2,03%;100,58;;;;;;
2019-06;Périurbaine;1,550 €;1,450 €;12024;1669;101,86;105,13;104,73;-1,27%;1,85%;2,96%;Moyen;Bas;-2,03%;100,58;;;;;;
2019-06;Rurale;1,550 €;1,450 €;5370;257;101,86;104,96;104,90;-1,27%;1,97%;3,21%;Moyen;Bas;-2,03%;100,58;;;;;;
2019-07;Urbaine;1,520 €;1,430 €;14909;12715;99,89;110,07;122,03;-1,94%;4,52%;16,50%;Bas;Bas;-1,38%;99,19;;;;;;
2019-07;Périurbaine;1,520 €;1,430 €;12585;1945;99,89;110,04;122,05;-1,94%;4,67%;16,54%;Bas;Bas;-1,38%;99,19;;;;;;
2019-07;Rurale;1,520 €;1,430 €;5628;299;99,89;110,00;122,04;-1,94%;4,80%;16,34%;Bas;Bas;-1,38%;99,19;;;;;;
2019-08;Urbaine;1,500 €;1,420 €;14621;12504;98,58;107,95;120,01;-1,32%;-1,93%;-1,66%;Bas;Bas;-0,70%;98,50;;;;;;
2019-08;Périurbaine;1,500 €;1,420 €;12350;1912;98,58;107,98;119,98;-1,32%;-1,87%;-1,70%;Bas;Bas;-0,70%;98,50;;;;;;
2019-08;Rurale;1,500 €;1,420 €;5526;294;98,58;108,01;120,00;-1,32%;-1,81%;-1,67%;Bas;Bas;-0,70%;98,50;;;;;;
2019-09;Urbaine;1,530 €;1,450 €;13916;10596;100,55;102,74;101,69;2,00%;-4,82%;-15,26%;Bas;Bas;2,11%;100,58;;;;;;
2019-09;Périurbaine;1,530 €;1,450 €;11768;1621;100,55;102,89;101,72;2,00%;-4,71%;-15,22%;Bas;Bas;2,11%;100,58;;;;;;
2019-09;Rurale;1,530 €;1,450 €;5272;249;100,55;103,04;101,63;2,00%;-4,60%;-15,31%;Bas;Bas;2,11%;100,58;;;;;;
2019-10;Urbaine;1,550 €;1,470 €;13627;10384;101,86;100,61;99,66;1,31%;-2,08%;-2,00%;Moyen;Bas;1,38%;101,97;;;;;;
2019-10;Périurbaine;1,550 €;1,470 €;11532;1588;101,86;100,83;99,65;1,31%;-2,01%;-2,04%;Moyen;Bas;1,38%;101,97;;;;;;
2019-10;Rurale;1,550 €;1,470 €;5170;244;101,86;101,05;99,59;1,31%;-1,93%;-2,01%;Moyen;Bas;1,38%;101,97;;;;;;
2019-11;Urbaine;1,540 €;1,460 €;13075;9749;101,20;96,53;93,56;-0,65%;-4,05%;-6,12%;Bas;Bas;-0,68%;101,27;;;;;;
2019-11;Périurbaine;1,540 €;1,460 €;11071;1491;101,20;96,80;93,56;-0,65%;-4,00%;-6,11%;Bas;Bas;-0,68%;101,27;;;;;;
2019-11;Rurale;1,540 €;1,460 €;4966;229;101,20;97,06;93,47;-0,65%;-3,95%;-6,15%;Bas;Bas;-0,68%;101,27;;;;;;
2019-12;Urbaine;1,520 €;1,450 €;12530;9324;99,89;92,51;89,49;-1,30%;-4,17%;-4,36%;Bas;Bas;-0,68%;100,58;;;;;;
2019-12;Périurbaine;1,520 €;1,450 €;10612;1426;99,89;92,79;89,48;-1,30%;-4,15%;-4,36%;Bas;Bas;-0,68%;100,58;;;;;;
2019-12;Rurale;1,520 €;1,450 €;4762;219;99,89;93,07;89,39;-1,30%;-4,11%;-4,37%;Bas;Bas;-0,68%;100,58;;;;;;
2020-01;Urbaine;1,500 €;1,420 €;12527;7498;98,58;92,49;71,96;-1,32%;-0,02%;-19,58%;Bas;Bas;-2,07%;98,50;;;;;;
2020-01;Périurbaine;1,500 €;1,420 €;10611;1147;98,58;92,78;71,98;-1,32%;-0,01%;-19,57%;Bas;Bas;-2,07%;98,50;;;;;;
2020-01;Rurale;1,500 €;1,420 €;4762;176;98,58;93,07;71,84;-1,32%;0,00%;-19,63%;Bas;Bas;-2,07%;98,50;;;;;;
2020-02;Urbaine;1,480 €;1,400 €;12241;7674;97,26;90,38;73,65;-1,33%;-2,28%;2,35%;Bas;Bas;-1,41%;97,11;;;;;;
2020-02;Périurbaine;1,480 €;1,400 €;10377;1174;97,26;90,73;73,67;-1,33%;-2,21%;2,35%;Bas;Bas;-1,41%;97,11;;;;;;
2020-02;Rurale;1,480 €;1,400 €;4660;181;97,26;91,08;73,88;-1,33%;-2,14%;2,84%;Bas;Bas;-1,41%;97,11;;;;;;
2020-03;Urbaine;1,350 €;1,280 €;7666;3692;88,72;56,60;35,43;-8,78%;-37,37%;-51,89%;Bas;Bas;-8,57%;88,79;;;;;;
2020-03;Périurbaine;1,350 €;1,280 €;6578;565;88,72;57,51;35,45;-8,78%;-36,61%;-51,87%;Bas;Bas;-8,57%;88,79;;;;;;
2020-03;Rurale;1,350 €;1,280 €;2989;87;88,72;58,42;35,51;-8,78%;-35,86%;-51,93%;Bas;Bas;-8,57%;88,79;;;;;;
2020-04;Urbaine;1,250 €;1,170 €;1889;677;82,15;13,95;6,50;-7,41%;-75,36%;-81,66%;Bas;Bas;-8,59%;81,16;;;;;;
2020-04;Périurbaine;1,250 €;1,170 €;1654;104;82,15;14,46;6,53;-7,41%;-74,86%;-81,59%;Bas;Bas;-8,59%;81,16;;;;;;
2020-04;Rurale;1,250 €;1,170 €;766;16;82,15;14,97;6,53;-7,41%;-74,37%;-81,61%;Bas;Bas;-8,59%;81,16;;;;;;
2020-05;Urbaine;1,300 €;1,200 €;2622;1323;85,43;19,36;12,70;4,00%;38,80%;95,42%;Bas;Bas;2,56%;83,24;;;;;;
2020-05;Périurbaine;1,300 €;1,200 €;2295;202;85,43;20,07;12,68;4,00%;38,75%;94,23%;Bas;Bas;2,56%;83,24;;;;;;
2020-05;Rurale;1,300 €;1,200 €;1063;31;85,43;20,78;12,65;4,00%;38,77%;93,75%;Bas;Bas;2,56%;83,24;;;;;;
2020-06;Urbaine;1,350 €;1,250 €;8094;4542;88,72;59,76;43,59;3,85%;208,70%;243,31%;Bas;Bas;4,17%;86,71;;;;;;
2020-06;Périurbaine;1,350 €;1,250 €;7046;695;88,72;61,61;43,61;3,85%;207,02%;244,06%;Bas;Bas;4,17%;86,71;;;;;;
2020-06;Rurale;1,350 €;1,250 €;3247;107;88,72;63,46;43,67;3,85%;205,46%;245,16%;Bas;Bas;4,17%;86,71;;;;;;
2020-07;Urbaine;1,380 €;1,280 €;12848;8679;90,69;94,86;83,30;2,22%;58,73%;91,08%;Bas;Bas;2,40%;88,79;;;;;;
2020-07;Périurbaine;1,380 €;1,280 €;11120;1327;90,69;97,23;83,27;2,22%;57,82%;90,94%;Bas;Bas;2,40%;88,79;;;;;;
2020-07;Rurale;1,380 €;1,280 €;5096;204;90,69;99,60;83,27;2,22%;56,94%;90,65%;Bas;Bas;2,40%;88,79;;;;;;
2020-08;Urbaine;1,400 €;1,300 €;12974;9160;92,00;95,79;87,91;1,45%;0,98%;5,54%;Bas;Bas;1,56%;90,17;;;;;;
2020-08;Périurbaine;1,400 €;1,300 €;11189;1401;92,00;97,83;87,92;1,45%;0,62%;5,58%;Bas;Bas;1,56%;90,17;;;;;;
2020-08;Rurale;1,400 €;1,300 €;5110;216;92,00;99,87;88,16;1,45%;0,27%;5,88%;Bas;Bas;1,56%;90,17;;;;;;
2020-09;Urbaine;1,420 €;1,320 €;12661;8115;93,32;93,48;77,88;1,43%;-2,41%;-11,41%;Bas;Bas;1,54%;91,56;;;;;;
2020-09;Périurbaine;1,420 €;1,320 €;10910;1241;93,32;95,39;77,87;1,43%;-2,49%;-11,42%;Bas;Bas;1,54%;91,56;;;;;;
2020-09;Rurale;1,420 €;1,320 €;4978;191;93,32;97,29;77,96;1,43%;-2,58%;-11,57%;Bas;Bas;1,54%;91,56;;;;;;
2020-10;Urbaine;1,430 €;1,330 €;11584;7607;93,98;85,53;73,01;0,70%;-8,51%;-6,26%;Bas;Bas;0,76%;92,25;;;;;;
2020-10;Périurbaine;1,430 €;1,330 €;10001;1163;93,98;87,44;72,98;0,70%;-8,33%;-6,29%;Bas;Bas;0,76%;92,25;;;;;;
2020-10;Rurale;1,430 €;1,330 €;4572;179;93,98;89,36;73,06;0,70%;-8,16%;-6,28%;Bas;Bas;0,76%;92,25;;;;;;
2020-11;Urbaine;1,400 €;1,300 €;7565;4463;92,00;55,85;42,83;-2,10%;-34,69%;-41,33%;Bas;Bas;-2,26%;90,17;;;;;;
2020-11;Périurbaine;1,400 €;1,300 €;6541;683;92,00;57,19;42,86;-2,10%;-34,60%;-41,27%;Bas;Bas;-2,26%;90,17;;;;;;
2020-11;Rurale;1,400 €;1,300 €;2995;105;92,00;58,54;42,86;-2,10%;-34,49%;-41,34%;Bas;Bas;-2,26%;90,17;;;;;;
2020-12;Urbaine;1,420 €;1,320 €;9481;5589;93,32;70,00;53,64;1,43%;25,33%;25,23%;Bas;Bas;1,54%;91,56;;;;;;
2020-12;Périurbaine;1,420 €;1,320 €;8172;855;93,32;71,45;53,65;1,43%;24,94%;25,18%;Bas;Bas;1,54%;91,56;;;;;;
2020-12;Rurale;1,420 €;1,320 €;3730;132;93,32;72,90;53,88;1,43%;24,54%;25,71%;Bas;Bas;1,54%;91,56;;;;;;
2021-01;Urbaine;1,450 €;1,350 €;8517;5043;95,29;62,88;48,40;2,11%;-10,17%;-9,77%;Bas;Bas;2,27%;93,64;;;;;;
2021-01;Périurbaine;1,450 €;1,350 €;7337;771;95,29;64,15;48,38;2,11%;-10,22%;-9,82%;Bas;Bas;2,27%;93,64;;;;;;
2021-01;Rurale;1,450 €;1,350 €;3347;119;95,29;65,42;48,57;2,11%;-10,27%;-9,85%;Bas;Bas;2,27%;93,64;;;;;;
2021-02;Urbaine;1,500 €;1,400 €;8399;5162;98,58;62,01;49,54;3,45%;-1,39%;2,36%;Bas;Bas;3,70%;97,11;;;;;;
2021-02;Périurbaine;1,500 €;1,400 €;7203;789;98,58;62,98;49,51;3,45%;-1,83%;2,33%;Bas;Bas;3,70%;97,11;;;;;;
2021-02;Rurale;1,500 €;1,400 €;3272;121;98,58;63,95;49,39;3,45%;-2,24%;1,68%;Bas;Bas;3,70%;97,11;;;;;;
2021-03;Urbaine;1,550 €;1,450 €;10618;6366;101,86;78,39;61,10;3,33%;26,42%;23,32%;Moyen;Bas;3,57%;100,58;;;;;;
2021-03;Périurbaine;1,550 €;1,450 €;9041;974;101,86;79,05;61,12;3,33%;25,52%;23,45%;Moyen;Bas;3,57%;100,58;;;;;;
2021-03;Rurale;1,550 €;1,450 €;4078;150;101,86;79,70;61,22;3,33%;24,63%;23,97%;Moyen;Bas;3,57%;100,58;;;;;;
2021-04;Urbaine;1,580 €;1,470 €;9566;5958;103,83;70,63;57,18;1,94%;-9,91%;-6,41%;Moyen;Bas;1,38%;101,97;;;;;;
2021-04;Périurbaine;1,580 €;1,470 €;8120;911;103,83;71,00;57,17;1,94%;-10,19%;-6,47%;Moyen;Bas;1,38%;101,97;;;;;;
2021-04;Rurale;1,580 €;1,470 €;3652;140;103,83;71,38;57,14;1,94%;-10,45%;-6,67%;Moyen;Bas;1,38%;101,97;;;;;;
2021-05;Urbaine;1,600 €;1,500 €;11097;6846;105,15;81,93;65,70;1,27%;16,00%;14,90%;Moyen;Bas;2,04%;104,05;;;;;;
2021-05;Périurbaine;1,600 €;1,500 €;9401;1047;105,15;82,20;65,70;1,27%;15,78%;14,93%;Moyen;Bas;2,04%;104,05;;;;;;
2021-05;Rurale;1,600 €;1,500 €;4219;161;105,15;82,46;65,71;1,27%;15,53%;15,00%;Moyen;Bas;2,04%;104,05;;;;;;
2021-06;Urbaine;1,620 €;1,520 €;13138;8274;106,46;97,00;79,41;1,25%;18,39%;20,86%;Moyen;Bas;1,33%;105,43;;;;;;
2021-06;Périurbaine;1,620 €;1,520 €;11068;1265;106,46;96,77;79,38;1,25%;17,73%;20,82%;Moyen;Bas;1,33%;105,43;;;;;;
2021-06;Rurale;1,620 €;1,520 €;4940;195;106,46;96,55;79,59;1,25%;17,09%;21,12%;Moyen;Bas;1,33%;105,43;;;;;;
2021-07;Urbaine;1,650 €;1,550 €;15787;11501;108,43;116,56;110,38;1,85%;20,16%;39,00%;Moyen;Moyen;1,97%;107,51;;;;;;
2021-07;Périurbaine;1,650 €;1,550 €;13262;1759;108,43;115,96;110,38;1,85%;19,82%;39,05%;Moyen;Moyen;1,97%;107,51;;;;;;
2021-07;Rurale;1,650 €;1,550 €;5902;271;108,43;115,35;110,61;1,85%;19,47%;38,97%;Moyen;Moyen;1,97%;107,51;;;;;;
2021-08;Urbaine;1,670 €;1,570 €;16008;11848;109,75;118,19;113,71;1,21%;1,40%;3,02%;Moyen;Moyen;1,29%;108,90;;;;;;
2021-08;Périurbaine;1,670 €;1,570 €;13416;1812;109,75;117,30;113,71;1,21%;1,16%;3,01%;Moyen;Moyen;1,29%;108,90;;;;;;
2021-08;Rurale;1,670 €;1,570 €;5956;279;109,75;116,41;113,88;1,21%;0,91%;2,95%;Moyen;Moyen;1,29%;108,90;;;;;;
2021-09;Urbaine;1,700 €;1,600 €;14168;9128;111,72;104,60;87,60;1,80%;-11,49%;-22,96%;Élevé;Moyen;1,91%;110,98;;;;;;
2021-09;Périurbaine;1,700 €;1,600 €;11859;1396;111,72;103,69;87,60;1,80%;-11,61%;-22,96%;Élevé;Moyen;1,91%;110,98;;;;;;
2021-09;Rurale;1,700 €;1,600 €;5258;215;111,72;102,77;87,76;1,80%;-11,72%;-22,94%;Élevé;Moyen;1,91%;110,98;;;;;;
2021-10;Urbaine;1,750 €;1,650 €;13968;9125;115,01;103,13;87,58;2,94%;-1,41%;-0,03%;Élevé;Moyen;3,12%;114,45;;;;;;
2021-10;Périurbaine;1,750 €;1,650 €;11656;1396;115,01;101,91;87,60;2,94%;-1,71%;0,00%;Élevé;Moyen;3,12%;114,45;;;;;;
2021-10;Rurale;1,750 €;1,650 €;5152;215;115,01;100,70;87,76;2,94%;-2,02%;0,00%;Élevé;Moyen;3,12%;114,45;;;;;;
2021-11;Urbaine;1,780 €;1,680 €;13088;8230;116,98;96,63;78,99;1,71%;-6,30%;-9,81%;Élevé;Moyen;1,82%;116,53;;;;;;
2021-11;Périurbaine;1,780 €;1,680 €;10886;1259;116,98;95,18;79,00;1,71%;-6,61%;-9,81%;Élevé;Moyen;1,82%;116,53;;;;;;
2021-11;Rurale;1,780 €;1,680 €;4795;194;116,98;93,72;79,18;1,71%;-6,93%;-9,77%;Élevé;Moyen;1,82%;116,53;;;;;;
2021-12;Urbaine;1,800 €;1,700 €;12353;7631;118,29;91,20;73,24;1,12%;-5,62%;-7,28%;Élevé;Élevé;1,19%;117,92;;;;;;
2021-12;Périurbaine;1,800 €;1,700 €;10245;1167;118,29;89,58;73,23;1,12%;-5,89%;-7,31%;Élevé;Élevé;1,19%;117,92;;;;;;
2021-12;Rurale;1,800 €;1,700 €;4500;180;118,29;87,95;73,47;1,12%;-6,15%;-7,22%;Élevé;Élevé;1,19%;117,92;;;;;;
2022-01;Urbaine;1,850 €;1,750 €;12485;9104;121,58;92,18;87,37;2,78%;1,07%;19,30%;Élevé;Élevé;2,94%;121,39;;;;;;
2022-01;Périurbaine;1,850 €;1,750 €;10335;1392;121,58;90,36;87,35;2,78%;0,88%;19,28%;Élevé;Élevé;2,94%;121,39;;;;;;
2022-01;Rurale;1,850 €;1,750 €;4531;214;121,58;88,56;87,35;2,78%;0,69%;18,89%;Élevé;Élevé;2,94%;121,39;;;;;;
2022-02;Urbaine;1,900 €;1,800 €;12389;9319;124,86;91,47;89,44;2,70%;-0,77%;2,36%;Élevé;Élevé;2,86%;124,86;;;;;;
2022-02;Périurbaine;1,900 €;1,800 €;10175;1425;124,86;88,96;89,42;2,70%;-1,55%;2,37%;Élevé;Élevé;2,86%;124,86;;;;;;
2022-02;Rurale;1,900 €;1,800 €;4424;219;124,86;86,47;89,39;2,70%;-2,36%;2,34%;Élevé;Élevé;2,86%;124,86;;;;;;
2022-03;Urbaine;2,100 €;2,150 €;14193;9962;138,01;104,79;95,61;10,53%;14,56%;6,90%;Très élevé;Très élevé;19,44%;149,13;;;;;;
2022-03;Périurbaine;2,100 €;2,150 €;11203;1524;138,01;97,95;95,63;10,53%;10,10%;6,95%;Très élevé;Très élevé;19,44%;149,13;;;;;;
2022-03;Rurale;2,100 €;2,150 €;4662;234;138,01;91,12;95,51;10,53%;5,38%;6,85%;Très élevé;Très élevé;19,44%;149,13;;;;;;
2022-04;Urbaine;1,950 €;1,900 €;14198;10283;128,15;104,82;98,69;-7,14%;0,04%;3,22%;Élevé;Élevé;-11,63%;131,79;;;;;;
2022-04;Périurbaine;1,950 €;1,900 €;11330;1573;128,15;99,06;98,71;-7,14%;1,13%;3,22%;Élevé;Élevé;-11,63%;131,79;;;;;;
2022-04;Rurale;1,950 €;1,900 €;4774;242;128,15;93,31;98,78;-7,14%;2,40%;3,42%;Élevé;Élevé;-11,63%;131,79;;;;;;
2022-05;Urbaine;1,900 €;1,850 €;14664;10712;124,86;108,27;102,81;-2,56%;3,28%;4,17%;Élevé;Élevé;-2,63%;128,32;;;;;;
2022-05;Périurbaine;1,900 €;1,850 €;11749;1638;124,86;102,73;102,79;-2,56%;3,70%;4,13%;Élevé;Élevé;-2,63%;128,32;;;;;;
2022-05;Rurale;1,900 €;1,850 €;4972;252;124,86;97,18;102,86;-2,56%;4,15%;4,13%;Élevé;Élevé;-2,63%;128,32;;;;;;
2022-06;Urbaine;2,050 €;2,100 €;15108;11033;134,72;111,54;105,89;7,89%;3,03%;3,00%;Très élevé;Très élevé;13,51%;145,66;;;;;;
2022-06;Périurbaine;2,050 €;2,100 €;12035;1687;134,72;105,23;105,86;7,89%;2,43%;2,99%;Très élevé;Très élevé;13,51%;145,66;;;;;;
2022-06;Rurale;2,050 €;2,100 €;5060;260;134,72;98,90;106,12;7,89%;1,77%;3,17%;Très élevé;Très élevé;13,51%;145,66;;;;;;
2022-07;Urbaine;1,950 €;2,000 €;15716;12854;128,15;116,03;123,36;-4,88%;4,02%;16,51%;Élevé;Très élevé;-4,76%;138,73;;;;;;
2022-07;Périurbaine;1,950 €;2,000 €;12568;1966;128,15;109,89;123,37;-4,88%;4,43%;16,54%;Élevé;Très élevé;-4,76%;138,73;;;;;;
2022-07;Rurale;1,950 €;2,000 €;5307;302;128,15;103,72;123,27;-4,88%;4,88%;16,15%;Élevé;Très élevé;-4,76%;138,73;;;;;;
2022-08;Urbaine;1,800 €;1,850 €;15203;12640;118,29;112,24;121,31;-7,69%;-3,26%;-1,66%;Élevé;Élevé;-7,50%;128,32;;;;;;
2022-08;Périurbaine;1,800 €;1,850 €;12257;1933;118,29;107,17;121,30;-7,69%;-2,47%;-1,68%;Élevé;Élevé;-7,50%;128,32;;;;;;
2022-08;Rurale;1,800 €;1,850 €;5223;297;118,29;102,08;121,22;-7,69%;-1,58%;-1,66%;Élevé;Élevé;-7,50%;128,32;;;;;;
2022-09;Urbaine;1,750 €;1,800 €;14188;10712;115,01;104,75;102,81;-2,78%;-6,68%;-15,25%;Élevé;Élevé;-2,70%;124,86;;;;;;
2022-09;Périurbaine;1,750 €;1,800 €;11577;1638;115,01;101,22;102,79;-2,78%;-5,55%;-15,26%;Élevé;Élevé;-2,70%;124,86;;;;;;
2022-09;Rurale;1,750 €;1,800 €;4998;252;115,01;97,69;102,86;-2,78%;-4,31%;-15,15%;Élevé;Élevé;-2,70%;124,86;;;;;;
2022-10;Urbaine;1,700 €;1,750 €;13843;10498;111,72;102,20;100,75;-2,86%;-2,43%;-2,00%;Élevé;Élevé;-2,78%;121,39;;;;;;
2022-10;Périurbaine;1,700 €;1,750 €;11327;1606;111,72;99,04;100,78;-2,86%;-2,16%;-1,95%;Élevé;Élevé;-2,78%;121,39;;;;;;
2022-10;Rurale;1,700 €;1,750 €;4905;247;111,72;95,87;100,82;-2,86%;-1,86%;-1,98%;Élevé;Élevé;-2,78%;121,39;;;;;;
2022-11;Urbaine;1,750 €;1,800 €;13249;9855;115,01;97,82;94,58;2,94%;-4,29%;-6,12%;Élevé;Élevé;2,86%;124,86;;;;;;
2022-11;Périurbaine;1,750 €;1,800 €;10862;1507;115,01;94,97;94,57;2,94%;-4,11%;-6,16%;Élevé;Élevé;2,86%;124,86;;;;;;
2022-11;Rurale;1,750 €;1,800 €;4713;232;115,01;92,12;94,69;2,94%;-3,91%;-6,07%;Élevé;Élevé;2,86%;124,86;;;;;;
2022-12;Urbaine;1,800 €;1,850 €;12529;9426;118,29;92,50;90,46;2,86%;-5,43%;-4,35%;Élevé;Élevé;2,78%;128,32;;;;;;
2022-12;Périurbaine;1,800 €;1,850 €;10351;1442;118,29;90,50;90,49;2,86%;-4,70%;-4,31%;Élevé;Élevé;2,78%;128,32;;;;;;
2022-12;Rurale;1,800 €;1,850 €;4528;222;118,29;88,50;90,61;2,86%;-3,93%;-4,31%;Élevé;Élevé;2,78%;128,32;;;;;;
2023-01;Urbaine;1,850 €;1,900 €;12327;9086;121,58;91,01;87,20;2,78%;-1,61%;-3,61%;Élevé;Élevé;2,70%;131,79;;;;;;
2023-01;Périurbaine;1,850 €;1,900 €;10187;1390;121,58;89,07;87,22;2,78%;-1,58%;-3,61%;Élevé;Élevé;2,70%;131,79;;;;;;
2023-01;Rurale;1,850 €;1,900 €;4457;214;121,58;87,11;87,35;2,78%;-1,57%;-3,60%;Élevé;Élevé;2,70%;131,79;;;;;;
2023-02;Urbaine;1,880 €;1,920 €;12115;9300;123,55;89,45;89,26;1,62%;-1,72%;2,36%;Élevé;Élevé;1,05%;133,18;;;;;;
2023-02;Périurbaine;1,880 €;1,920 €;9987;1422;123,55;87,32;89,23;1,62%;-1,96%;2,30%;Élevé;Élevé;1,05%;133,18;;;;;;
2023-02;Rurale;1,880 €;1,920 €;4359;219;123,55;85,20;89,39;1,62%;-2,20%;2,34%;Élevé;Élevé;1,05%;133,18;;;;;;
2023-03;Urbaine;1,900 €;1,950 €;13008;9942;124,86;96,04;95,42;1,06%;7,37%;6,90%;Élevé;Élevé;1,56%;135,26;;;;;;
2023-03;Périurbaine;1,900 €;1,950 €;10679;1520;124,86;93,37;95,38;1,06%;6,93%;6,89%;Élevé;Élevé;1,56%;135,26;;;;;;
2023-03;Rurale;1,900 €;1,950 €;4641;234;124,86;90,71;95,51;1,06%;6,47%;6,85%;Élevé;Élevé;1,56%;135,26;;;;;;
2023-04;Urbaine;1,880 €;1,900 €;13282;10262;123,55;98,06;98,49;-1,05%;2,11%;3,22%;Élevé;Élevé;-2,56%;131,79;;;;;;
2023-04;Périurbaine;1,880 €;1,900 €;10901;1569;123,55;95,31;98,46;-1,05%;2,08%;3,22%;Élevé;Élevé;-2,56%;131,79;;;;;;
2023-04;Rurale;1,880 €;1,900 €;4736;241;123,55;92,56;98,37;-1,05%;2,05%;2,99%;Élevé;Élevé;-2,56%;131,79;;;;;;
2023-05;Urbaine;1,850 €;1,880 €;13788;10690;121,58;101,80;102,60;-1,60%;3,81%;4,17%;Élevé;Élevé;-1,05%;130,40;;;;;;
2023-05;Périurbaine;1,850 €;1,880 €;11331;1635;121,58;99,07;102,60;-1,60%;3,94%;4,21%;Élevé;Élevé;-1,05%;130,40;;;;;;
2023-05;Rurale;1,850 €;1,880 €;4929;252;121,58;96,34;102,86;-1,60%;4,08%;4,56%;Élevé;Élevé;-1,05%;130,40;;;;;;
2023-06;Urbaine;1,820 €;1,850 €;13991;11011;119,61;103,30;105,68;-1,62%;1,47%;3,00%;Élevé;Élevé;-1,60%;128,32;;;;;;
2023-06;Périurbaine;1,820 €;1,850 €;11528;1684;119,61;100,79;105,67;-1,62%;1,74%;3,00%;Élevé;Élevé;-1,60%;128,32;;;;;;
2023-06;Rurale;1,820 €;1,850 €;5029;259;119,61;98,29;105,71;-1,62%;2,03%;2,78%;Élevé;Élevé;-1,60%;128,32;;;;;;
2023-07;Urbaine;1,850 €;1,880 €;14639;12828;121,58;108,08;123,12;1,65%;4,63%;16,50%;Élevé;Élevé;1,62%;130,40;;;;;;
2023-07;Périurbaine;1,850 €;1,880 €;12070;1962;121,58;105,53;123,12;1,65%;4,70%;16,51%;Élevé;Élevé;1,62%;130,40;;;;;;
2023-07;Rurale;1,850 €;1,880 €;5269;302;121,58;102,98;123,27;1,65%;4,77%;16,60%;Élevé;Élevé;1,62%;130,40;;;;;;
2023-08;Urbaine;1,900 €;1,950 €;14432;12614;124,86;106,55;121,06;2,70%;-1,41%;-1,67%;Élevé;Élevé;3,72%;135,26;;;;;;
2023-08;Périurbaine;1,900 €;1,950 €;11872;1929;124,86;103,80;121,05;2,70%;-1,64%;-1,68%;Élevé;Élevé;3,72%;135,26;;;;;;
2023-08;Rurale;1,900 €;1,950 €;5170;297;124,86;101,05;121,22;2,70%;-1,88%;-1,66%;Élevé;Élevé;3,72%;135,26;;;;;;
2023-09;Urbaine;1,950 €;2,000 €;13803;10690;128,15;101,91;102,60;2,63%;-4,36%;-15,25%;Élevé;Très élevé;2,56%;138,73;;;;;;
2023-09;Périurbaine;1,950 €;2,000 €;11336;1635;128,15;99,12;102,60;2,63%;-4,51%;-15,24%;Élevé;Très élevé;2,56%;138,73;;;;;;
2023-09;Rurale;1,950 €;2,000 €;4929;252;128,15;96,34;102,86;2,63%;-4,66%;-15,15%;Élevé;Très élevé;2,56%;138,73;;;;;;
2023-10;Urbaine;1,900 €;1,950 €;13470;10476;124,86;99,45;100,54;-2,56%;-2,41%;-2,00%;Élevé;Élevé;-2,50%;135,26;;;;;;
2023-10;Périurbaine;1,900 €;1,950 €;11093;1602;124,86;96,99;100,53;-2,56%;-2,14%;-2,02%;Élevé;Élevé;-2,50%;135,26;;;;;;
2023-10;Rurale;1,900 €;1,950 €;4836;246;124,86;94,52;100,41;-2,56%;-1,89%;-2,38%;Élevé;Élevé;-2,50%;135,26;;;;;;
2023-11;Urbaine;1,850 €;1,900 €;12894;9834;121,58;95,20;94,38;-2,63%;-4,28%;-6,13%;Élevé;Élevé;-2,56%;131,79;;;;;;
2023-11;Périurbaine;1,850 €;1,900 €;10638;1504;121,58;93,01;94,38;-2,63%;-4,10%;-6,12%;Élevé;Élevé;-2,56%;131,79;;;;;;
2023-11;Rurale;1,850 €;1,900 €;4647;231;121,58;90,83;94,29;-2,63%;-3,91%;-6,10%;Élevé;Élevé;-2,56%;131,79;;;;;;
2023-12;Urbaine;1,800 €;1,850 €;12346;9407;118,29;91,15;90,28;-2,70%;-4,25%;-4,34%;Élevé;Élevé;-2,63%;128,32;;;;;;
2023-12;Périurbaine;1,800 €;1,850 €;10194;1439;118,29;89,13;90,30;-2,70%;-4,17%;-4,32%;Élevé;Élevé;-2,63%;128,32;;;;;;
2023-12;Rurale;1,800 €;1,850 €;4456;221;118,29;87,09;90,20;-2,70%;-4,11%;-4,33%;Élevé;Élevé;-2,63%;128,32;;;;;;
2024-01;Urbaine;1,800 €;1,850 €;12370;9307;118,29;91,33;89,32;0,00%;0,19%;-1,06%;Élevé;Élevé;0,00%;128,32;;;;;;
2024-01;Périurbaine;1,800 €;1,850 €;10214;1423;118,29;89,31;89,30;0,00%;0,20%;-1,11%;Élevé;Élevé;0,00%;128,32;;;;;;
2024-01;Rurale;1,800 €;1,850 €;4466;219;118,29;87,29;89,39;0,00%;0,22%;-0,90%;Élevé;Élevé;0,00%;128,32;;;;;;
2024-02;Urbaine;1,820 €;1,870 €;12125;9526;119,61;89,52;91,42;1,11%;-1,98%;2,35%;Élevé;Élevé;1,08%;129,71;;;;;;
2024-02;Périurbaine;1,820 €;1,870 €;10002;1457;119,61;87,45;91,43;1,11%;-2,08%;2,39%;Élevé;Élevé;1,08%;129,71;;;;;;
2024-02;Rurale;1,820 €;1,870 €;4369;224;119,61;85,39;91,43;1,11%;-2,17%;2,28%;Élevé;Élevé;1,08%;129,71;;;;;;
2024-03;Urbaine;1,850 €;1,900 €;12953;10183;121,58;95,63;97,73;1,65%;6,83%;6,90%;Élevé;Élevé;1,60%;131,79;;;;;;
2024-03;Périurbaine;1,850 €;1,900 €;10672;1557;121,58;93,31;97,70;1,65%;6,70%;6,86%;Élevé;Élevé;1,60%;131,79;;;;;;
2024-03;Rurale;1,850 €;1,900 €;4655;240;121,58;90,98;97,96;1,65%;6,55%;7,14%;Élevé;Élevé;1,60%;131,79;;;;;;
2024-04;Urbaine;1,880 €;1,920 €;13214;10511;123,55;97,56;100,88;1,62%;2,01%;3,22%;Élevé;Élevé;1,05%;133,18;;;;;;
2024-04;Périurbaine;1,880 €;1,920 €;10890;1608;123,55;95,22;100,90;1,62%;2,04%;3,28%;Élevé;Élevé;1,05%;133,18;;;;;;
2024-04;Rurale;1,880 €;1,920 €;4752;247;123,55;92,88;100,82;1,62%;2,08%;2,92%;Élevé;Élevé;1,05%;133,18;;;;;;
2024-05;Urbaine;1,900 €;1,950 €;13733;10949;124,86;101,39;105,08;1,06%;3,93%;4,17%;Élevé;Élevé;1,56%;135,26;;;;;;
2024-05;Périurbaine;1,900 €;1,950 €;11324;1675;124,86;99,01;105,11;1,06%;3,99%;4,17%;Élevé;Élevé;1,56%;135,26;;;;;;
2024-05;Rurale;1,900 €;1,950 €;4944;258;124,86;96,63;105,31;1,06%;4,04%;4,45%;Élevé;Élevé;1,56%;135,26;;;;;;
2024-06;Urbaine;1,920 €;1,970 €;14003;11278;126,18;103,39;108,24;1,05%;1,97%;3,00%;Élevé;Élevé;1,03%;136,65;;;;;;
2024-06;Périurbaine;1,920 €;1,970 €;11545;1725;126,18;100,94;108,25;1,05%;1,95%;2,99%;Élevé;Élevé;1,03%;136,65;;;;;;
2024-06;Rurale;1,920 €;1,970 €;5040;265;126,18;98,51;108,16;1,05%;1,94%;2,71%;Élevé;Élevé;1,03%;136,65;;;;;;
2024-07;Urbaine;1,900 €;1,950 €;14660;13139;124,86;108,24;126,10;-1,04%;4,69%;16,50%;Élevé;Élevé;-1,02%;135,26;;;;;;
2024-07;Périurbaine;1,900 €;1,950 €;12092;2010;124,86;105,73;126,13;-1,04%;4,74%;16,52%;Élevé;Élevé;-1,02%;135,26;;;;;;
2024-07;Rurale;1,900 €;1,950 €;5281;309;124,86;103,22;126,12;-1,04%;4,78%;16,60%;Élevé;Élevé;-1,02%;135,26;;;;;;
2024-08;Urbaine;1,880 €;1,930 €;14387;12920;123,55;106,22;124,00;-1,05%;-1,86%;-1,67%;Élevé;Élevé;-1,03%;133,87;;;;;;
2024-08;Périurbaine;1,880 €;1,930 €;11869;1976;123,55;103,78;124,00;-1,05%;-1,84%;-1,69%;Élevé;Élevé;-1,03%;133,87;;;;;;
2024-08;Rurale;1,880 €;1,930 €;5185;304;123,55;101,34;124,08;-1,05%;-1,82%;-1,62%;Élevé;Élevé;-1,03%;133,87;;;;;;
2024-09;Urbaine;1,900 €;1,950 €;13700;10949;124,86;101,15;105,08;1,06%;-4,78%;-15,26%;Élevé;Élevé;1,04%;135,26;;;;;;
2024-09;Périurbaine;1,900 €;1,950 €;11313;1675;124,86;98,91;105,11;1,06%;-4,68%;-15,23%;Élevé;Élevé;1,04%;135,26;;;;;;
2024-09;Rurale;1,900 €;1,950 €;4946;258;124,86;96,67;105,31;1,06%;-4,61%;-15,13%;Élevé;Élevé;1,04%;135,26;;;;;;
2024-10;Urbaine;1,920 €;1,970 €;13413;10730;126,18;99,03;102,98;1,05%;-2,09%;-2,00%;Élevé;Élevé;1,03%;136,65;;;;;;
2024-10;Périurbaine;1,920 €;1,970 €;11085;1641;126,18;96,92;102,98;1,05%;-2,02%;-2,03%;Élevé;Élevé;1,03%;136,65;;;;;;
2024-10;Rurale;1,920 €;1,970 €;4851;252;126,18;94,81;102,86;1,05%;-1,92%;-2,33%;Élevé;Élevé;1,03%;136,65;;;;;;
2024-11;Urbaine;1,900 €;1,950 €;12876;10073;124,86;95,06;96,67;-1,04%;-4,00%;-6,12%;Élevé;Élevé;-1,02%;135,26;;;;;;
2024-11;Périurbaine;1,900 €;1,950 €;10644;1541;124,86;93,07;96,70;-1,04%;-3,98%;-6,09%;Élevé;Élevé;-1,02%;135,26;;;;;;
2024-11;Rurale;1,900 €;1,950 €;4659;237;124,86;91,06;96,73;-1,04%;-3,96%;-5,95%;Élevé;Élevé;-1,02%;135,26;;;;;;
2024-12;Urbaine;1,880 €;1,930 €;12343;9636;123,55;91,13;92,48;-1,05%;-4,14%;-4,34%;Élevé;Élevé;-1,03%;133,87;;;;;;
2024-12;Périurbaine;1,880 €;1,930 €;10204;1474;123,55;89,22;92,50;-1,05%;-4,13%;-4,35%;Élevé;Élevé;-1,03%;133,87;;;;;;
2024-12;Rurale;1,880 €;1,930 €;4468;227;123,55;87,33;92,65;-1,05%;-4,10%;-4,22%;Élevé;Élevé;-1,03%;133,87;;;;;;
2025-01;Urbaine;1,850 €;1,800 €;12491;9540;121,58;92,22;91,56;-1,60%;1,20%;-1,00%;Élevé;Élevé;-6,74%;124,86;;;;;;
2025-01;Périurbaine;1,850 €;1,800 €;10270;1459;121,58;89,79;91,55;-1,60%;0,65%;-1,02%;Élevé;Élevé;-6,74%;124,86;;;;;;
2025-01;Rurale;1,850 €;1,800 €;4470;224;121,58;87,37;91,43;-1,60%;0,04%;-1,32%;Élevé;Élevé;-6,74%;124,86;;;;;;
2025-02;Urbaine;1,840 €;1,780 €;12207;9764;120,92;90,13;93,71;-0,54%;-2,27%;2,35%;Élevé;Élevé;-1,11%;123,47;;;;;;
2025-02;Périurbaine;1,840 €;1,780 €;10044;1493;120,92;87,82;93,69;-0,54%;-2,20%;2,33%;Élevé;Élevé;-1,11%;123,47;;;;;;
2025-02;Rurale;1,840 €;1,780 €;4375;230;120,92;85,51;93,88;-0,54%;-2,13%;2,68%;Élevé;Élevé;-1,11%;123,47;;;;;;
2025-03;Urbaine;1,830 €;1,770 €;13049;10437;120,26;96,34;100,17;-0,54%;6,90%;6,89%;Élevé;Élevé;-0,56%;122,77;;;;;;
2025-03;Périurbaine;1,830 €;1,770 €;10719;1596;120,26;93,72;100,15;-0,54%;6,72%;6,90%;Élevé;Élevé;-0,56%;122,77;;;;;;
2025-03;Rurale;1,830 €;1,770 €;4662;246;120,26;91,12;100,41;-0,54%;6,56%;6,96%;Élevé;Élevé;-0,56%;122,77;;;;;;
2025-04;Urbaine;1,850 €;1,750 €;13329;10774;121,58;98,41;103,40;1,09%;2,15%;3,23%;Élevé;Élevé;-1,13%;121,39;;;;;;
2025-04;Périurbaine;1,850 €;1,750 €;10944;1648;121,58;95,69;103,41;1,09%;2,10%;3,26%;Élevé;Élevé;-1,13%;121,39;;;;;;
2025-04;Rurale;1,850 €;1,750 €;4757;254;121,58;92,98;103,67;1,09%;2,04%;3,25%;Élevé;Élevé;-1,13%;121,39;;;;;;
2025-05;Urbaine;1,870 €;1,760 €;13795;11223;122,89;101,85;107,71;1,08%;3,50%;4,17%;Élevé;Élevé;0,57%;122,08;;;;;;
2025-05;Périurbaine;1,870 €;1,760 €;11361;1716;122,89;99,33;107,68;1,08%;3,81%;4,13%;Élevé;Élevé;0,57%;122,08;;;;;;
2025-05;Rurale;1,870 €;1,760 €;4953;264;122,89;96,81;107,76;1,08%;4,12%;3,94%;Élevé;Élevé;0,57%;122,08;;;;;;
2025-06;Urbaine;1,880 €;1,770 €;14032;11559;123,55;103,60;110,94;0,53%;1,72%;2,99%;Élevé;Élevé;0,57%;122,77;;;;;;
2025-06;Périurbaine;1,880 €;1,770 €;11570;1768;123,55;101,16;110,94;0,53%;1,84%;3,03%;Élevé;Élevé;0,57%;122,77;;;;;;
2025-06;Rurale;1,880 €;1,770 €;5051;272;123,55;98,72;111,02;0,53%;1,98%;3,03%;Élevé;Élevé;0,57%;122,77;;;;;;
2025-07;Urbaine;1,860 €;1,740 €;14710;13467;122,23;108,60;129,25;-1,06%;4,83%;16,51%;Élevé;Élevé;-1,69%;120,69;;;;;;
2025-07;Périurbaine;1,860 €;1,740 €;12124;2060;122,23;106,01;129,27;-1,06%;4,79%;16,52%;Élevé;Élevé;-1,69%;120,69;;;;;;
2025-07;Rurale;1,860 €;1,740 €;5291;317;122,23;103,41;129,39;-1,06%;4,75%;16,54%;Élevé;Élevé;-1,69%;120,69;;;;;;
2025-08;Urbaine;1,840 €;1,720 €;14519;13243;120,92;107,19;127,10;-1,08%;-1,30%;-1,66%;Élevé;Élevé;-1,15%;119,31;;;;;;
2025-08;Périurbaine;1,840 €;1,720 €;11932;2025;120,92;104,33;127,07;-1,08%;-1,58%;-1,70%;Élevé;Élevé;-1,15%;119,31;;;;;;
2025-08;Rurale;1,840 €;1,720 €;5191;312;120,92;101,46;127,35;-1,08%;-1,89%;-1,58%;Élevé;Élevé;-1,15%;119,31;;;;;;
2025-09;Urbaine;1,870 €;1,750 €;13825;11223;122,89;102,07;107,71;1,63%;-4,78%;-15,25%;Élevé;Élevé;1,74%;121,39;;;;;;
2025-09;Périurbaine;1,870 €;1,750 €;11371;1716;122,89;99,42;107,68;1,63%;-4,70%;-15,26%;Élevé;Élevé;1,74%;121,39;;;;;;
2025-09;Rurale;1,870 €;1,750 €;4951;264;122,89;96,77;107,76;1,63%;-4,62%;-15,38%;Élevé;Élevé;1,74%;121,39;;;;;;
2025-10;Urbaine;1,890 €;1,780 €;13498;10998;124,21;99,66;105,55;1,07%;-2,37%;-2,00%;Élevé;Élevé;1,71%;123,47;;;;;;
2025-10;Périurbaine;1,890 €;1,780 €;11129;1682;124,21;97,31;105,55;1,07%;-2,13%;-1,98%;Élevé;Élevé;1,71%;123,47;;;;;;
2025-10;Rurale;1,890 €;1,780 €;4858;259;124,21;94,95;105,71;1,07%;-1,88%;-1,89%;Élevé;Élevé;1,71%;123,47;;;;;;
2025-11;Urbaine;1,910 €;1,800 €;13066;10325;125,52;96,47;99,09;1,06%;-3,20%;-6,12%;Élevé;Élevé;1,12%;124,86;;;;;;
2025-11;Périurbaine;1,910 €;1,800 €;10726;1579;125,52;93,78;99,08;1,06%;-3,62%;-6,12%;Élevé;Élevé;1,12%;124,86;;;;;;
2025-11;Rurale;1,910 €;1,800 €;4661;243;125,52;91,10;99,18;1,06%;-4,06%;-6,18%;Élevé;Élevé;1,12%;124,86;;;;;;
2025-12;Urbaine;1,920 €;1,820 €;12344;9876;126,18;91,14;94,78;0,52%;-5,53%;-4,35%;Élevé;Élevé;1,11%;126,24;;;;;;
2025-12;Périurbaine;1,920 €;1,820 €;10217;1510;126,18;89,33;94,76;0,52%;-4,75%;-4,37%;Élevé;Élevé;1,11%;126,24;;;;;;
2025-12;Rurale;1,920 €;1,820 €;4478;232;126,18;87,52;94,69;0,52%;-3,93%;-4,53%;Élevé;Élevé;1,11%;126,24;;;;;;
2026-01;Urbaine;1,950 €;1,880 €;12447;9729;128,15;91,90;93,37;1,56%;0,83%;-1,49%;Élevé;Élevé;3,30%;130,40;;;;;;
2026-01;Périurbaine;1,950 €;1,880 €;10266;1488;128,15;89,76;93,37;1,56%;0,48%;-1,46%;Élevé;Élevé;3,30%;130,40;;;;;;
2026-01;Rurale;1,950 €;1,880 €;4484;229;128,15;87,64;93,47;1,56%;0,13%;-1,29%;Élevé;Élevé;3,30%;130,40;;;;;;
2026-02;Urbaine;1,980 €;1,920 €;12139;9959;130,12;89,62;95,58;1,54%;-2,47%;2,36%;Élevé;Élevé;2,13%;133,18;;;;;;
2026-02;Périurbaine;1,980 €;1,920 €;10031;1523;130,12;87,71;95,57;1,54%;-2,29%;2,35%;Élevé;Élevé;2,13%;133,18;;;;;;
2026-02;Rurale;1,980 €;1,920 €;4389;234;130,12;85,78;95,51;1,54%;-2,12%;2,18%;Élevé;Élevé;2,13%;133,18;;;;;;
2026-03;Urbaine;1,900 €;2,050 €;12891;10645;124,86;95,18;102,16;-4,04%;6,19%;6,89%;Élevé;Très élevé;6,77%;142,20;;;;;;
2026-03;Périurbaine;1,900 €;2,050 €;10675;1628;124,86;93,34;102,16;-4,04%;6,42%;6,89%;Élevé;Très élevé;6,77%;142,20;;;;;;
2026-03;Rurale;1,900 €;2,050 €;4681;250;124,86;91,49;102,04;-4,04%;6,65%;6,84%;Élevé;Très élevé;6,77%;142,20;;;;;;
;;;;;;;;;;;;;;;;;;;;;
;;;;;;;;;;;;;;;;;;;;;
Corrélation: Par zone                                                              Globale ;;;;;;;;;;;;;;;;;;;;;
SP95 ;;Gazole ;;;SP95;0,64;0,57;;;;;;;;;;;;;;
Urbain;0,64;Urbain;0,62;;Gazole;0,62;0,54;;;;;;;;;;;;;;
Péri;0,64;Péri;0,62;;;TC;Trafic;;;;;;;;;;;;;;
Rurale;0,64;Rurale;0,62;;;;;;;;;;;;;;;;;;
Urbain;0,57;Urbain;0,54;;;;;;;;;;;;;;;;;;
Péri;0,50;Péri;0,47;;;;;;;;;;;;;;;;;;
Rurale;0,41;Rurale;0,38;;;;;;;;;;;;;;;;;;
;;;;;;;;;;;;;;;;;;;;;
;;;;Orange ;Prix-TC;;;;;;;;;;;;;;;;
;;;;Vert ;Prix-Trafic;;;;;;;;;;;;;;;;
